Time cost,Fees,Rel
3354.7711735061193,264.093475,0.01
3354.7711735061193,264.093475,0.02
3354.7711735061193,264.093475,0.03
3455.9246364290857,200.23685,0.04
3455.9246364290857,200.23685,0.05
3455.9246364290857,200.23685,0.06
3455.9246364290857,200.23685,0.07
3607.8549152384353,196.522515,0.08
3607.8549152384353,196.522515,0.09
