Start Node,End Node,Total Cost,Execution Time,Optimal Path Sequence,Final Route Mapping to original
-375581293#1,369977729#1,1830.2769544364505,1.5394961833953857,"[('-375581293#1', '-12341242#1', 'walk', 707.58, 0.0), ('-12341242#1', 'walk', 'eb', 0.1), ('-12341242#1', '-42471880', 'eb', 464.84352517985593, 41.352479999999986), ('-42471880', '41502636#0', 'eb', 231.54676258992805, 20.598399999999998), ('41502636#0', 'eb', 'walk', 0.1), ('41502636#0', '369977729#1', 'walk', 426.1066666666666, 0.0)]"
