Start Node,End Node,Total Cost,Execution Time,Optimal Path Sequence,Final Route Mapping to original
-375581293#1,369977729#1,1855.0507796499892,2.2074131965637207,"[('-375581293#1', '-12341242#1', 'walk', 707.58, 0.0), ('-12341242#1', 'walk', 'ec', 0.1), ('-12341242#1', '74233405#1', 'ec', 219.57022809123643, 320.0784999999999), ('74233405#1', 'ec', 'walk', 0.1), ('74233405#1', 'walk', 'eb', 0.1), ('74233405#1', '41502636#0', 'eb', 501.3938848920865, 44.604000000000006), ('41502636#0', 'eb', 'walk', 0.1), ('41502636#0', '369977729#1', 'walk', 426.1066666666666, 0.0)]"
