Start Node,End Node,Total Cost,Execution Time,Optimal Path Sequence,Final Route Mapping to original
361450282,-110407380#1,4612.083277429437,1.9875750541687012,"[('361450282', '-11685016#2', 'walk', 2480.68, 0.0), ('-11685016#2', 'walk', 'eb', 0.1), ('-11685016#2', '-64270141', 'eb', 282.10791366906477, 25.09632), ('-64270141', 'eb', 'ec', 0.1), ('-64270141', '361409608#3', 'ec', 88.27010804321728, 128.67575), ('361409608#3', '74233405#1', 'ec', 193.82361411087112, 471.13674999999995), ('74233405#1', 'ec', 'eb', 0.1), ('74233405#1', '-47638297#3', 'eb', 199.73920863309357, 17.768800000000002), ('-47638297#3', 'eb', 'walk', 0.1), ('-47638297#3', '-110407380#1', 'walk', 1253.3133333333333, 0.0)]"
