Start Node,End Node,Total Cost,Execution Time,Optimal Path Sequence,Final Route Mapping to original
-375581293#1,369977729#1,0.0,2.243302822113037,"[('-375581293#1', '-12341242#1', 'walk', 707.58, 0.0), ('-12341242#1', 'walk', 'ec', 0.1), ('-12341242#1', '41502636#0', 'ec', 382.5294117647058, 557.6322499999999), ('41502636#0', 'ec', 'walk', 0.1), ('41502636#0', '369977729#1', 'walk', 426.1066666666666, 0.0)]"
