Start Node,End Node,Total Cost,Execution Time,Optimal Path Sequence,Final Route Mapping to original
-375581293#1,369977729#1,2174.0933333333337,2.038331985473633,"[('-375581293#1', '369977729#1', 'walk', 2174.0933333333337, 0.0)]"
