Start Node,End Node,Total Cost,Execution Time,Optimal Path Sequence,Final Route Mapping to original
361450282,-110407380#1,3354.7711735061193,1.925281047821045,"[('361450282', '369154722#2', 'walk', 1770.5933333333332, 0.0), ('369154722#2', 'walk', 'ec', 0.1), ('369154722#2', '-47638297#3', 'ec', 330.6645068394528, 803.76275), ('-47638297#3', 'ec', 'walk', 0.1), ('-47638297#3', '-110407380#1', 'walk', 1253.3133333333333, 0.0)]"
