Start Node,End Node,Total Cost,Execution Time,Optimal Path Sequence,Final Route Mapping to original
361450282,-110407380#1,0.0,1.9592089653015137,"[('361450282', '361409608#3', 'walk', 2776.206666666667, 0), ('361409608#3', '-110407380#1', 'walk', 2708.3199999999993, 0)]"
