Start Node,End Node,Total Cost,Execution Time,Optimal Path Sequence,Final Route Mapping to original
361450282,-110407380#1,0.0,1.8956332206726074,"[('361450282', '369154722#2', 'walk', 1770.5933333333332, 0.0), ('369154722#2', '-110407380#1', 'walk', 3635.486666666667, 0.0)]"
