Start Node,End Node,Total Cost,Execution Time,Optimal Path Sequence,Final Route Mapping to original
361450282,-110407380#1,0.0,2.795705795288086,"[('361450282', '369154722#2', 'walk', 1770.5933333333332, 0), ('369154722#2', 'walk', 'ec', 0.1), ('369154722#2', '-47638297#3', 'ec', 330.6645068394528, 15.420131361843387), ('-47638297#3', 'ec', 'walk', 0.1), ('-47638297#3', '-110407380#1', 'walk', 1253.3133333333333, 0)]"
