Start Node,End Node,Total Cost,Execution Time,Optimal Path Sequence,Final Route Mapping to original
361450282,-110407380#1,0.0,2.129890203475952,"[('361450282', '369154722#2', 'walk', 1770.5933333333332, 0), ('369154722#2', 'walk', 'eb', 0.1), ('369154722#2', '74233405#1', 'eb', 626.3273381294965, 1.4938490399999997), ('74233405#1', 'eb', 'walk', 0.1), ('74233405#1', '-110407380#1', 'walk', 1434.42, 0)]"
