Start Node,End Node,Total Cost,Execution Time,Optimal Path Sequence,Final Route Mapping to original
361450282,-110407380#1,3934.4609832134292,1.9191648960113525,"[('361450282', '369154722#2', 'walk', 1770.5933333333332, 0.0), ('369154722#2', 'walk', 'eb', 0.1), ('369154722#2', '23395388#5', 'eb', 544.771582733813, 48.462880000000006), ('23395388#5', '-47638297#3', 'eb', 365.5827338129497, 32.522240000000004), ('-47638297#3', 'eb', 'walk', 0.1), ('-47638297#3', '-110407380#1', 'walk', 1253.3133333333333, 0.0)]"
