Start Node,End Node,Total Cost,Execution Time,Optimal Path Sequence,Final Route Mapping to original
-375581293#1,369977729#1,1663.2494996847654,2.1379501819610596,"[('-375581293#1', '-13904652', 'walk', 735.4533333333334, 0.0), ('-13904652', 'walk', 'ec', 0.1), ('-13904652', '-42471880', 'ec', 269.84273709483784, 393.3632499999998), ('-42471880', 'ec', 'es', 0.1), ('-42471880', '41502636#0', 'es', 231.54676258992805, 32.184999999999995), ('41502636#0', 'es', 'walk', 0.1), ('41502636#0', '369977729#1', 'walk', 426.1066666666666, 0.0)]"
128570462#1,-228731431#0,1390.1333333333334,2.1842668056488037,"[('128570462#1', '-228731431#0', 'walk', 1390.1333333333334, 0.0)]"
125814491#1,384401183,1372.5333333333335,1.901810884475708,"[('125814491#1', '384401183', 'walk', 1372.5333333333335, 0.0)]"
10575480#0,44658727#1,1331.32,1.9000461101531982,"[('10575480#0', '44658727#1', 'walk', 1331.32, 0.0)]"
