Start Node,End Node,Total Cost,Execution Time,Optimal Path Sequence,Final Route Mapping to original
361450282,-110407380#1,0.0,2.093291997909546,"[('361450282', '-64270141', 'walk', 2737.653333333334, 0), ('-64270141', 'walk', 'eb', 0.1), ('-64270141', '244844370#0', 'eb', 105.03417266187051, 1.4938490399999997), ('244844370#0', '3791905#2', 'eb', 83.62769784172663, 1.4938490399999997), ('3791905#2', 'eb', 'es', 0.1), ('3791905#2', 'es', 'walk', 0.1), ('3791905#2', '-110407380#1', 'walk', 2210.5000000000005, 0)]"
