Start Node,End Node,Total Cost,Execution Time,Optimal Path Sequence,Final Route Mapping to original
-375581293#1,369977729#1,1832.8553717026375,1.8481841087341309,"[('-375581293#1', '-12341242#1', 'walk', 707.58, 0.0), ('-12341242#1', 'walk', 'es', 0.1), ('-12341242#1', '-13904652', 'es', 186.3273381294964, 25.899500000000003), ('-13904652', 'es', 'eb', 0.1), ('-13904652', '41502636#0', 'eb', 512.5413669064748, 45.595679999999994), ('41502636#0', 'eb', 'walk', 0.1), ('41502636#0', '369977729#1', 'walk', 426.1066666666666, 0.0)]"
