Start Node,End Node,Total Cost,Execution Time,Optimal Path Sequence,Final Route Mapping to original
361450282,-110407380#1,3707.9305130755006,1.9587461948394775,"[('361450282', '369154722#2', 'walk', 1770.5933333333332, 0.0), ('369154722#2', 'walk', 'eb', 0.1), ('369154722#2', '361409608#3', 'eb', 426.07733812949647, 37.90384), ('361409608#3', 'eb', 'ec', 0.1), ('361409608#3', '-47638297#3', 'ec', 257.64650827933764, 626.2742499999999), ('-47638297#3', 'ec', 'walk', 0.1), ('-47638297#3', '-110407380#1', 'walk', 1253.3133333333333, 0.0)]"
