Start Node,End Node,Total Cost,Execution Time,Optimal Path Sequence,Final Route Mapping to original
361450282,-110407380#1,7.597380000000001,1.9444589614868164,"[('361450282', '-110407380#1', 'walk', 5064.920000000001, 0.0)]"
