Start Node,End Node,Total Cost,Execution Time,Optimal Path Sequence,Final Route Mapping to original
361450282,-110407380#1,0.0,2.3239731788635254,"[('361450282', '369154722#2', 'walk', 1770.5933333333332, 0), ('369154722#2', 'walk', 'ec', 0.1), ('369154722#2', '74233405#1', 'ec', 250.71130309575236, 15.844713545551578), ('74233405#1', 'ec', 'es', 0.1), ('74233405#1', 'es', 'walk', 0.1), ('74233405#1', '-110407380#1', 'walk', 1434.42, 0)]"
