Start Node,End Node,Total Cost,Execution Time,Optimal Path Sequence,Final Route Mapping to original
361450282,-110407380#1,0.0,2.2216880321502686,"[('361450282', '74233405#1', 'walk', 3751.0200000000004, 0.0), ('74233405#1', '-110407380#1', 'walk', 1434.42, 0.0)]"
