Start Node,End Node,Total Cost,Execution Time,Optimal Path Sequence,Final Route Mapping to original
361450282,-110407380#1,3937.816210052366,1.6257269382476807,"[('361450282', '369154722#2', 'walk', 1770.5933333333332, 0.0), ('369154722#2', 'walk', 'eb', 0.1), ('369154722#2', '129774671#0', 'eb', 452.48741007194246, 40.25328), ('129774671#0', '41502636#0', 'eb', 297.0629496402878, 26.426720000000003), ('41502636#0', 'eb', 'walk', 0.1), ('41502636#0', 'walk', 'ec', 0.1), ('41502636#0', '-47638297#3', 'ec', 163.9591836734694, 239.01149999999998), ('-47638297#3', 'ec', 'walk', 0.1), ('-47638297#3', '-110407380#1', 'walk', 1253.3133333333333, 0.0)]"
