Experiment ID,Number of Ants,Travel Time Cost (seconds),Execution Time (seconds)
350-1,350,3829.521566156616,0.6225340366363525
350-2,350,2608.03633744856,0.6331300735473633
