Experiment ID,Episode,Execution Time (seconds),Time Cost
100-4,100,0.2491469383239746,4814.433135313531
100-5,100,0.21307969093322754,4121.953819381938
