Experiment ID,Episode,Execution Time (seconds),Time Cost
1000-1,1000,17.481931924819946,3463.2788598859884
1000-2,1000,8.423638105392456,3960.9008820882086
