Experiment ID,Episode,Execution Time (seconds),Time Cost
1000-2,1000,15.933955430984497,3463.278859885989
