Experiment ID,Episode,Execution Time (seconds),Time Cost
200-3,200,5.620008945465088,6255.814273406888
200-4,200,5.752583980560303,5710.707678229338
