Experiment ID,Episode,Execution Time (seconds),Time Cost,Find
1500-0,1500,7.3968329429626465,5618.514932739199,True
1500-1,1500,7.055825471878052,6777.921893004115,True
